name,likes
Papaver orientale,15921
undefined,13059
Begonia semperflorens,11201
Verbena,10656
Petunia,10425
Dill,10418
Lantana camara,10358
Zizania aquatica,10101
Wisteria,9755
Bamboo palm,8294
Wisteria frutescens,8227
Quince,7603
Daffodil,7243
Gentiana lutea,7128
Gypsophila paniculata,6490
Gloriosa Lily,5985
Zizia aurea,5953
Kniphofia ensifolia,5763
Balloon Flower,5737
Wisteria frutescens,5666
Bellis perennis,5463
Rocket Larkspur,5356
Uva Ursi,5254
Baby's Breath,5245
Forget-Me-Not,5168
Malva sylvestris,5145
Verbena hastata,5140
undefined,5099
undefined,5045
Canna Lily,4971
Rosemary,4721
Yellow-Eyed Grass,4579
Paintbrush,4513
Juncus tenuis,4468
undefined,4466
Verbena,4461
Dianthus,4310
Ivy gourd,4206
Osteospermum,3986
Dianthus,3969
Gazania,3920
Fuchsia hybrida,3818
Ribbon Grass,3807
Zantedeschia aethiopica,3806
Uva Ursi,3782
Viola cornuta,3721
undefined,3602
Peace lily,3565
Impatiens balsamina,3544
Heliotropium arborescens,3507
Acanthus,3492
Lavender,3452
Wandering Jew,3449
Snapdragon,3446
Adiantum capillus-veneris,3440
Everlasting,3375
Baby Blue Eyes,3327
Impatiens hawkeri,3300
Ageratum,3294
undefined,3280
Kaffir Lily,3254
undefined,3177
Norfolk Island pine,3053
Zebra Plant,3010
undefined,2995
Fuchsia,2970
Lamium maculatum,2931
Camellia,2919
Windflower,2856
Daffodil,2833
Callicarpa bodinieri,2825
undefined,2816
Eustoma grandiflorum,2805
undefined,2775
undefined,2746
undefined,2734
Kangaroo Paw,2720
Cactus,2711
Zinnia elegans,2668
Rocket Larkspur,2667
Gloriosa Lily,2660
Rudbeckia,2658
Ulex europaeus,2612
Queen's Cup,2601
Kniphofia rooperi,2573
undefined,2545
undefined,2440
Iris,2325
Thuja occidentalis,2313
Snapdragon,2264
Zizania aquatica,2258
Echinacea,2245
Thyme,2230
Eucalyptus,2223
Aloe,2192
Wisteria,2191
Sun Rose,2171
Salvia coccinea,2115
undefined,2113
undefined,2103
